customer_id,timestamp,event_type,detail
C0001,2026-09-14 20:00,search,"searched ""change address"""
C0005,2026-09-10 10:00,search,"searched ""maternity leave"""
C0014,2026-09-06 10:00,search,"searched ""maternity leave"""
C0015,2026-09-07 17:00,search,"searched ""self-employed bank account"""
C0017,2026-09-07 14:00,search,"searched ""self-employed bank account"""
C0018,2026-09-08 10:00,search,"searched ""change employer details"""
C0046,2026-09-12 13:00,search,"searched ""pension simulation"""
C0049,2026-09-12 20:00,search,"searched ""maternity leave"""
C0051,2026-09-12 17:00,search,"searched ""maternity leave"""
C0054,2026-09-08 14:00,search,"searched ""maternity leave"""
C0059,2026-09-13 20:00,search,"searched ""change address"""
C0073,2026-09-07 18:00,search,"searched ""self-employed bank account"""
C0081,2026-09-11 08:00,search,"searched ""pension simulation"""
C0083,2026-09-13 21:00,search,"searched ""pension simulation"""
C0103,2026-09-08 12:00,search,"searched ""change employer details"""
C0112,2026-09-09 11:00,search,"searched ""maternity leave"""
C0113,2026-09-07 08:00,search,"searched ""change employer details"""
C0114,2026-09-14 20:00,search,"searched ""pension simulation"""
C0116,2026-09-12 19:00,search,"searched ""change employer details"""
C0121,2026-09-09 18:00,search,"searched ""change employer details"""
C0127,2026-09-10 14:00,search,"searched ""change employer details"""
C0137,2026-09-11 11:00,search,"searched ""self-employed bank account"""
C0142,2026-09-09 16:00,search,"searched ""change address"""
C0144,2026-09-10 18:00,search,"searched ""maternity leave"""
C0174,2026-09-16 13:00,search,"searched ""change address"""
C0176,2026-09-07 13:00,search,"searched ""pension simulation"""
C0178,2026-09-13 09:00,search,"searched ""change employer details"""
C0185,2026-09-07 16:00,search,"searched ""change employer details"""
C0196,2026-09-10 12:00,search,"searched ""pension simulation"""
C0216,2026-09-12 16:00,search,"searched ""change employer details"""
C0218,2026-09-08 19:00,search,"searched ""self-employed bank account"""
C0231,2026-09-13 12:00,search,"searched ""self-employed bank account"""
C0260,2026-09-15 09:00,search,"searched ""change address"""
C0281,2026-09-11 13:00,search,"searched ""change employer details"""
C0289,2026-09-14 14:00,search,"searched ""change employer details"""
C0303,2026-09-09 21:00,search,"searched ""pension simulation"""
C0304,2026-09-09 19:00,search,"searched ""pension simulation"""
C0310,2026-09-14 21:00,search,"searched ""change address"""
C0311,2026-09-10 18:00,search,"searched ""self-employed bank account"""
C0329,2026-09-11 11:00,search,"searched ""change address"""
C0334,2026-09-13 13:00,search,"searched ""change address"""
C0348,2026-09-13 19:00,search,"searched ""change address"""
C0359,2026-09-16 15:00,search,"searched ""change address"""
C0361,2026-09-12 09:00,search,"searched ""change employer details"""
C0368,2026-09-07 21:00,search,"searched ""change employer details"""
C0379,2026-09-11 14:00,search,"searched ""self-employed bank account"""
C0381,2026-09-12 20:00,search,"searched ""maternity leave"""
C0390,2026-09-13 18:00,search,"searched ""maternity leave"""
C0392,2026-09-14 10:00,search,"searched ""change employer details"""
