id,name,age,city,income_band,products_held
C0001,Sophie Van Damme,29,Gent,mid,"[""Current Account"", ""Savings Account"", ""Home Insurance""]"
C0002,Liam Michiels,55,Leuven,high,"[""Investment Account"", ""Home Insurance"", ""Pension Savings"", ""Current Account""]"
C0003,Stijn Claes,44,Kortrijk,low,"[""Car Insurance"", ""Pension Savings""]"
C0004,Fien Claes,37,Leuven,low,"[""Personal Loan"", ""Car Insurance"", ""Current Account""]"
C0005,Noah Goossens,55,Antwerpen,mid,"[""Mortgage"", ""Credit Card"", ""Home Insurance"", ""Investment Account""]"
C0006,Milan Aerts,30,Antwerpen,low,"[""Personal Loan"", ""Current Account"", ""Home Insurance"", ""Credit Card""]"
C0007,Emma Maes,46,Sint-Truiden,mid,"[""Personal Loan"", ""Pension Savings"", ""Credit Card""]"
C0008,Noah Janssens,63,Kortrijk,mid,"[""Savings Account"", ""Current Account""]"
C0009,Wout Van Damme,29,Brugge,low,"[""Personal Loan"", ""Pension Savings""]"
C0010,Noah Goossens,52,Diest,low,"[""Credit Card"", ""Mortgage"", ""Personal Loan""]"
C0011,Milan Goossens,61,Diest,low,"[""Investment Account"", ""Credit Card"", ""Pension Savings""]"
C0012,Noah Van Damme,24,Diest,mid,"[""Mortgage"", ""Car Insurance""]"
C0013,Ruben Verhoeven,64,Antwerpen,high,"[""Investment Account"", ""Savings Account"", ""Mortgage"", ""Credit Card""]"
C0014,Amber Goossens,54,Kortrijk,mid,"[""Current Account"", ""Credit Card"", ""Home Insurance"", ""Savings Account""]"
C0015,Lotte Janssens,46,Leuven,mid,"[""Savings Account"", ""Personal Loan"", ""Investment Account"", ""Credit Card""]"
C0016,Stijn Wouters,44,Genk,mid,"[""Current Account"", ""Credit Card"", ""Personal Loan"", ""Pension Savings""]"
C0017,Arne Vermeulen,57,Antwerpen,low,"[""Car Insurance"", ""Personal Loan"", ""Credit Card""]"
C0018,Dries Aerts,44,Kortrijk,low,"[""Current Account"", ""Credit Card""]"
C0019,Nora Hermans,36,Antwerpen,mid,"[""Car Insurance"", ""Investment Account""]"
C0020,Wout Willems,56,Genk,mid,"[""Car Insurance"", ""Personal Loan"", ""Current Account""]"
C0021,Julie Van Damme,48,Gent,low,"[""Mortgage"", ""Investment Account"", ""Savings Account""]"
C0022,Noah Verhoeven,26,Gent,high,"[""Home Insurance"", ""Current Account"", ""Car Insurance""]"
C0023,Wout Aerts,64,Sint-Truiden,high,"[""Pension Savings"", ""Credit Card"", ""Investment Account""]"
C0024,Fien Maes,60,Brugge,high,"[""Car Insurance"", ""Personal Loan""]"
C0025,Stijn Claes,51,Gent,mid,"[""Investment Account"", ""Savings Account"", ""Credit Card""]"
C0026,Milan Van Damme,25,Mechelen,low,"[""Pension Savings"", ""Investment Account""]"
C0027,Bram Willems,24,Leuven,high,"[""Mortgage"", ""Home Insurance"", ""Current Account"", ""Pension Savings""]"
C0028,Milan Peeters,48,Genk,low,"[""Pension Savings"", ""Credit Card""]"
C0029,Bram Mertens,28,Hasselt,high,"[""Car Insurance"", ""Personal Loan""]"
C0030,Tom Jacobs,26,Leuven,low,"[""Pension Savings"", ""Savings Account"", ""Investment Account"", ""Home Insurance""]"
C0031,Amber Michiels,60,Sint-Truiden,low,"[""Car Insurance"", ""Savings Account"", ""Personal Loan"", ""Home Insurance""]"
C0032,Femke Van Damme,45,Genk,mid,"[""Pension Savings"", ""Car Insurance"", ""Savings Account"", ""Investment Account""]"
C0033,Marie Peeters,64,Mechelen,mid,"[""Personal Loan"", ""Savings Account"", ""Car Insurance"", ""Current Account""]"
C0034,Fien Willems,55,Kortrijk,high,"[""Mortgage"", ""Home Insurance"", ""Car Insurance""]"
C0035,Emma Claes,61,Mechelen,mid,"[""Home Insurance"", ""Credit Card"", ""Personal Loan"", ""Current Account""]"
C0036,Arne Aerts,37,Kortrijk,low,"[""Investment Account"", ""Savings Account"", ""Personal Loan"", ""Pension Savings""]"
C0037,Arne Willems,25,Kortrijk,mid,"[""Pension Savings"", ""Credit Card"", ""Savings Account"", ""Current Account""]"
C0038,Stijn De Smet,42,Genk,mid,"[""Investment Account"", ""Mortgage""]"
C0039,Jonas Verhoeven,36,Mechelen,mid,"[""Home Insurance"", ""Credit Card"", ""Current Account"", ""Car Insurance""]"
C0040,Elise Janssens,28,Leuven,mid,"[""Investment Account"", ""Current Account"", ""Savings Account""]"
C0041,Bram Verhoeven,52,Brugge,mid,"[""Credit Card"", ""Current Account"", ""Investment Account"", ""Pension Savings""]"
C0042,Sien Claes,25,Kortrijk,mid,"[""Credit Card"", ""Current Account"", ""Car Insurance""]"
C0043,Sien Janssens,44,Brugge,mid,"[""Pension Savings"", ""Investment Account"", ""Credit Card""]"
C0044,Femke Hermans,25,Diest,low,"[""Savings Account"", ""Investment Account"", ""Credit Card""]"
C0045,Nora Goossens,46,Hasselt,mid,"[""Mortgage"", ""Current Account"", ""Car Insurance"", ""Investment Account""]"
C0046,Femke Aerts,63,Diest,mid,"[""Investment Account"", ""Current Account""]"
C0047,Nora Janssens,64,Mechelen,low,"[""Home Insurance"", ""Pension Savings""]"
C0048,Nora Hermans,61,Antwerpen,low,"[""Personal Loan"", ""Pension Savings"", ""Car Insurance""]"
C0049,Emma Claes,40,Diest,low,"[""Personal Loan"", ""Pension Savings""]"
C0050,Bram Wouters,62,Sint-Truiden,low,"[""Personal Loan"", ""Savings Account"", ""Pension Savings""]"
C0051,Dries De Clercq,61,Diest,high,"[""Pension Savings"", ""Mortgage""]"
C0052,Arne Hermans,25,Antwerpen,mid,"[""Personal Loan"", ""Investment Account""]"
C0053,Sien Van Damme,39,Kortrijk,mid,"[""Pension Savings"", ""Credit Card"", ""Personal Loan"", ""Current Account""]"
C0054,Jonas Goossens,22,Hasselt,mid,"[""Investment Account"", ""Current Account"", ""Savings Account""]"
C0055,Olivia Hermans,34,Brugge,low,"[""Current Account"", ""Investment Account"", ""Mortgage"", ""Car Insurance""]"
C0056,Lotte De Clercq,55,Diest,mid,"[""Car Insurance"", ""Home Insurance""]"
C0057,Wout Jacobs,60,Diest,high,"[""Pension Savings"", ""Home Insurance"", ""Car Insurance"", ""Personal Loan""]"
C0058,Jonas Willems,50,Diest,mid,"[""Current Account"", ""Mortgage"", ""Home Insurance"", ""Personal Loan""]"
C0059,Fien Peeters,39,Sint-Truiden,mid,"[""Car Insurance"", ""Mortgage"", ""Credit Card""]"
C0060,Lars Goossens,34,Kortrijk,low,"[""Current Account"", ""Pension Savings""]"
C0061,Anke Wouters,46,Kortrijk,mid,"[""Current Account"", ""Credit Card"", ""Investment Account""]"
C0062,Marie Aerts,63,Genk,low,"[""Savings Account"", ""Home Insurance"", ""Car Insurance""]"
C0063,Wout Janssens,29,Kortrijk,mid,"[""Credit Card"", ""Car Insurance"", ""Pension Savings""]"
C0064,Arne Michiels,51,Kortrijk,mid,"[""Mortgage"", ""Home Insurance""]"
C0065,Emma Goossens,60,Leuven,mid,"[""Home Insurance"", ""Car Insurance"", ""Credit Card""]"
C0066,Anke De Smet,41,Brugge,low,"[""Pension Savings"", ""Credit Card"", ""Savings Account"", ""Current Account""]"
C0067,Dries Vermeulen,62,Antwerpen,low,"[""Current Account"", ""Savings Account"", ""Home Insurance""]"
C0068,Emma De Smet,41,Hasselt,mid,"[""Car Insurance"", ""Current Account"", ""Pension Savings""]"
C0069,Lars Hermans,45,Hasselt,high,"[""Car Insurance"", ""Mortgage"", ""Savings Account""]"
C0070,Amber Willems,44,Gent,high,"[""Savings Account"", ""Car Insurance"", ""Home Insurance""]"
C0071,Arne Wouters,23,Sint-Truiden,mid,"[""Mortgage"", ""Pension Savings"", ""Car Insurance"", ""Personal Loan""]"
C0072,Femke Hermans,25,Antwerpen,low,"[""Investment Account"", ""Personal Loan"", ""Car Insurance"", ""Current Account""]"
C0073,Fien Wouters,43,Sint-Truiden,low,"[""Investment Account"", ""Home Insurance"", ""Credit Card"", ""Savings Account""]"
C0074,Wout Van Damme,65,Leuven,mid,"[""Pension Savings"", ""Home Insurance"", ""Personal Loan"", ""Savings Account""]"
C0075,Bram Verhoeven,48,Antwerpen,mid,"[""Pension Savings"", ""Car Insurance""]"
C0076,Anke Jacobs,63,Antwerpen,mid,"[""Current Account"", ""Car Insurance""]"
C0077,Sien Pauwels,42,Mechelen,low,"[""Investment Account"", ""Credit Card"", ""Mortgage"", ""Car Insurance""]"
C0078,Elise Verhoeven,22,Sint-Truiden,mid,"[""Home Insurance"", ""Current Account"", ""Investment Account"", ""Savings Account""]"
C0079,Marie Michiels,57,Hasselt,high,"[""Investment Account"", ""Savings Account"", ""Pension Savings"", ""Home Insurance""]"
C0080,Sien Goossens,30,Sint-Truiden,mid,"[""Investment Account"", ""Personal Loan"", ""Pension Savings"", ""Car Insurance""]"
C0081,Emma Mertens,59,Gent,low,"[""Home Insurance"", ""Savings Account"", ""Current Account""]"
C0082,Julie Van Damme,30,Gent,mid,"[""Current Account"", ""Savings Account"", ""Mortgage""]"
C0083,Jonas Van Damme,28,Kortrijk,mid,"[""Car Insurance"", ""Mortgage""]"
C0084,Noah De Smet,21,Mechelen,high,"[""Personal Loan"", ""Current Account""]"
C0085,Sien Goossens,57,Leuven,mid,"[""Pension Savings"", ""Credit Card""]"
C0086,Milan Maes,27,Gent,mid,"[""Car Insurance"", ""Investment Account"", ""Home Insurance"", ""Mortgage""]"
C0087,Wout Janssens,24,Sint-Truiden,low,"[""Car Insurance"", ""Credit Card"", ""Home Insurance"", ""Current Account""]"
C0088,Nora Jacobs,51,Sint-Truiden,high,"[""Car Insurance"", ""Mortgage""]"
C0089,Wout Verhoeven,50,Diest,mid,"[""Investment Account"", ""Pension Savings"", ""Current Account""]"
C0090,Jonas De Clercq,40,Kortrijk,mid,"[""Car Insurance"", ""Savings Account"", ""Home Insurance"", ""Personal Loan""]"
C0091,Bram Peeters,69,Diest,high,"[""Current Account"", ""Mortgage"", ""Investment Account"", ""Personal Loan""]"
C0092,Anke Verhoeven,61,Sint-Truiden,low,"[""Car Insurance"", ""Mortgage"", ""Home Insurance"", ""Pension Savings""]"
C0093,Jonas Michiels,62,Genk,high,"[""Pension Savings"", ""Car Insurance"", ""Home Insurance"", ""Mortgage""]"
C0094,Sien Jacobs,32,Sint-Truiden,low,"[""Mortgage"", ""Credit Card"", ""Home Insurance"", ""Car Insurance""]"
C0095,Femke Van Damme,33,Sint-Truiden,low,"[""Car Insurance"", ""Home Insurance"", ""Credit Card""]"
C0096,Bram Jacobs,30,Mechelen,mid,"[""Mortgage"", ""Personal Loan"", ""Credit Card""]"
C0097,Femke De Smet,58,Kortrijk,mid,"[""Credit Card"", ""Investment Account""]"
C0098,Elise Pauwels,40,Gent,mid,"[""Credit Card"", ""Investment Account""]"
C0099,Dries Willems,36,Brugge,low,"[""Credit Card"", ""Car Insurance""]"
C0100,Wout De Clercq,26,Genk,high,"[""Current Account"", ""Personal Loan"", ""Car Insurance"", ""Investment Account""]"
C0101,Ruben Jacobs,66,Genk,low,"[""Investment Account"", ""Current Account""]"
C0102,Anke Mertens,69,Hasselt,high,"[""Credit Card"", ""Personal Loan"", ""Savings Account"", ""Pension Savings""]"
C0103,Olivia Peeters,29,Genk,high,"[""Investment Account"", ""Credit Card"", ""Mortgage"", ""Current Account""]"
C0104,Femke Vermeulen,33,Diest,low,"[""Car Insurance"", ""Personal Loan"", ""Home Insurance"", ""Mortgage""]"
C0105,Fien Aerts,55,Hasselt,low,"[""Current Account"", ""Mortgage"", ""Credit Card""]"
C0106,Elise Van Damme,65,Kortrijk,low,"[""Credit Card"", ""Home Insurance"", ""Current Account"", ""Pension Savings""]"
C0107,Elise Mertens,36,Diest,low,"[""Pension Savings"", ""Mortgage""]"
C0108,Marie De Smet,33,Brugge,mid,"[""Mortgage"", ""Savings Account"", ""Investment Account""]"
C0109,Lars Pauwels,43,Leuven,low,"[""Investment Account"", ""Current Account""]"
C0110,Noah Willems,47,Diest,mid,"[""Personal Loan"", ""Home Insurance""]"
C0111,Stijn Verhoeven,53,Genk,high,"[""Personal Loan"", ""Savings Account""]"
C0112,Arne Aerts,21,Diest,low,"[""Mortgage"", ""Investment Account"", ""Home Insurance"", ""Personal Loan""]"
C0113,Marie Claes,69,Gent,low,"[""Personal Loan"", ""Pension Savings"", ""Home Insurance"", ""Savings Account""]"
C0114,Lotte Hermans,31,Diest,low,"[""Mortgage"", ""Current Account"", ""Car Insurance""]"
C0115,Dries Claes,46,Brugge,mid,"[""Savings Account"", ""Personal Loan"", ""Current Account"", ""Car Insurance""]"
C0116,Wout Mertens,25,Hasselt,mid,"[""Personal Loan"", ""Current Account"", ""Home Insurance"", ""Savings Account""]"
C0117,Bram De Smet,48,Brugge,low,"[""Investment Account"", ""Current Account"", ""Home Insurance""]"
C0118,Wout Hermans,64,Genk,low,"[""Savings Account"", ""Pension Savings""]"
C0119,Nora Vermeulen,57,Leuven,low,"[""Mortgage"", ""Personal Loan""]"
C0120,Milan Van Damme,61,Hasselt,low,"[""Credit Card"", ""Mortgage"", ""Savings Account""]"
C0121,Amber Wouters,57,Gent,mid,"[""Current Account"", ""Investment Account"", ""Personal Loan"", ""Car Insurance""]"
C0122,Fien Maes,39,Antwerpen,high,"[""Car Insurance"", ""Personal Loan""]"
C0123,Marie Vermeulen,60,Hasselt,mid,"[""Pension Savings"", ""Credit Card""]"
C0124,Dries De Clercq,53,Antwerpen,low,"[""Mortgage"", ""Pension Savings"", ""Savings Account"", ""Home Insurance""]"
C0125,Stijn Verhoeven,33,Genk,mid,"[""Investment Account"", ""Mortgage""]"
C0126,Femke Van Damme,31,Hasselt,low,"[""Savings Account"", ""Current Account"", ""Mortgage""]"
C0127,Olivia De Clercq,64,Diest,low,"[""Credit Card"", ""Pension Savings"", ""Home Insurance""]"
C0128,Wout Peeters,44,Gent,low,"[""Mortgage"", ""Pension Savings"", ""Home Insurance"", ""Investment Account""]"
C0129,Jonas De Smet,48,Leuven,low,"[""Car Insurance"", ""Mortgage"", ""Home Insurance"", ""Investment Account""]"
C0130,Milan Maes,22,Diest,mid,"[""Personal Loan"", ""Car Insurance"", ""Pension Savings"", ""Investment Account""]"
C0131,Noah Janssens,62,Leuven,low,"[""Savings Account"", ""Credit Card"", ""Mortgage"", ""Car Insurance""]"
C0132,Amber Wouters,53,Genk,mid,"[""Savings Account"", ""Home Insurance"", ""Current Account""]"
C0133,Lars Vermeulen,58,Leuven,mid,"[""Credit Card"", ""Current Account"", ""Mortgage"", ""Savings Account""]"
C0134,Stijn Maes,67,Hasselt,low,"[""Investment Account"", ""Mortgage""]"
C0135,Olivia Vermeulen,36,Brugge,mid,"[""Personal Loan"", ""Current Account""]"
C0136,Julie Goossens,59,Genk,mid,"[""Credit Card"", ""Pension Savings"", ""Investment Account"", ""Current Account""]"
C0137,Emma Verhoeven,52,Brugge,low,"[""Car Insurance"", ""Investment Account"", ""Pension Savings""]"
C0138,Olivia Goossens,22,Hasselt,low,"[""Credit Card"", ""Savings Account"", ""Pension Savings""]"
C0139,Arne Mertens,56,Genk,low,"[""Home Insurance"", ""Mortgage"", ""Pension Savings"", ""Credit Card""]"
C0140,Nora Aerts,24,Antwerpen,low,"[""Investment Account"", ""Savings Account"", ""Mortgage"", ""Credit Card""]"
C0141,Nora Van Damme,41,Leuven,mid,"[""Savings Account"", ""Car Insurance"", ""Current Account""]"
C0142,Liam Aerts,50,Diest,mid,"[""Savings Account"", ""Investment Account""]"
C0143,Dries Verhoeven,39,Kortrijk,low,"[""Mortgage"", ""Credit Card""]"
C0144,Elise Wouters,52,Kortrijk,low,"[""Current Account"", ""Home Insurance"", ""Personal Loan""]"
C0145,Emma Aerts,26,Gent,mid,"[""Mortgage"", ""Personal Loan"", ""Home Insurance"", ""Investment Account""]"
C0146,Tom Willems,28,Mechelen,low,"[""Pension Savings"", ""Personal Loan"", ""Current Account""]"
C0147,Stijn Goossens,55,Genk,mid,"[""Savings Account"", ""Credit Card"", ""Personal Loan""]"
C0148,Milan Maes,63,Sint-Truiden,mid,"[""Pension Savings"", ""Personal Loan"", ""Investment Account"", ""Credit Card""]"
C0149,Fien Janssens,36,Sint-Truiden,low,"[""Current Account"", ""Investment Account"", ""Personal Loan""]"
C0150,Stijn Van Damme,43,Kortrijk,low,"[""Savings Account"", ""Home Insurance"", ""Investment Account""]"
C0151,Milan Jacobs,34,Antwerpen,mid,"[""Mortgage"", ""Home Insurance"", ""Credit Card"", ""Pension Savings""]"
C0152,Arne Michiels,69,Diest,mid,"[""Personal Loan"", ""Investment Account"", ""Car Insurance""]"
C0153,Julie Maes,28,Hasselt,low,"[""Home Insurance"", ""Investment Account"", ""Personal Loan""]"
C0154,Jonas Wouters,66,Sint-Truiden,mid,"[""Car Insurance"", ""Savings Account"", ""Investment Account"", ""Personal Loan""]"
C0155,Fien Vermeulen,28,Kortrijk,mid,"[""Savings Account"", ""Pension Savings"", ""Personal Loan""]"
C0156,Anke Verhoeven,30,Brugge,high,"[""Investment Account"", ""Mortgage"", ""Credit Card""]"
C0157,Amber Willems,67,Genk,high,"[""Mortgage"", ""Pension Savings"", ""Credit Card"", ""Home Insurance""]"
C0158,Lars Claes,44,Gent,low,"[""Personal Loan"", ""Credit Card"", ""Investment Account"", ""Pension Savings""]"
C0159,Elise Maes,49,Diest,low,"[""Home Insurance"", ""Car Insurance""]"
C0160,Arne Claes,21,Hasselt,high,"[""Savings Account"", ""Mortgage"", ""Home Insurance""]"
C0161,Fien Janssens,28,Antwerpen,low,"[""Mortgage"", ""Pension Savings"", ""Car Insurance""]"
C0162,Ruben Willems,59,Genk,mid,"[""Car Insurance"", ""Mortgage""]"
C0163,Emma Verhoeven,33,Brugge,high,"[""Current Account"", ""Mortgage"", ""Personal Loan""]"
C0164,Elise Claes,51,Diest,mid,"[""Mortgage"", ""Pension Savings""]"
C0165,Ruben Michiels,46,Antwerpen,mid,"[""Credit Card"", ""Personal Loan"", ""Mortgage"", ""Investment Account""]"
C0166,Nora Pauwels,37,Mechelen,mid,"[""Credit Card"", ""Pension Savings""]"
C0167,Ruben Wouters,35,Leuven,mid,"[""Credit Card"", ""Car Insurance"", ""Home Insurance"", ""Current Account""]"
C0168,Lars Michiels,70,Diest,mid,"[""Current Account"", ""Credit Card""]"
C0169,Emma Van Damme,43,Mechelen,high,"[""Home Insurance"", ""Car Insurance"", ""Personal Loan""]"
C0170,Dries Aerts,35,Kortrijk,mid,"[""Mortgage"", ""Home Insurance"", ""Pension Savings""]"
C0171,Dries Mertens,29,Diest,mid,"[""Home Insurance"", ""Personal Loan""]"
C0172,Olivia Mertens,69,Mechelen,mid,"[""Personal Loan"", ""Car Insurance""]"
C0173,Amber Claes,59,Leuven,mid,"[""Home Insurance"", ""Personal Loan"", ""Pension Savings""]"
C0174,Julie De Smet,49,Gent,low,"[""Investment Account"", ""Personal Loan"", ""Current Account"", ""Pension Savings""]"
C0175,Wout Maes,58,Leuven,high,"[""Car Insurance"", ""Current Account"", ""Investment Account""]"
C0176,Amber Pauwels,35,Brugge,low,"[""Pension Savings"", ""Current Account"", ""Investment Account""]"
C0177,Jonas Maes,47,Kortrijk,high,"[""Savings Account"", ""Personal Loan"", ""Pension Savings"", ""Car Insurance""]"
C0178,Marie Verhoeven,22,Leuven,low,"[""Car Insurance"", ""Savings Account"", ""Mortgage"", ""Pension Savings""]"
C0179,Ruben Verhoeven,45,Mechelen,mid,"[""Pension Savings"", ""Mortgage""]"
C0180,Noah Michiels,31,Genk,low,"[""Current Account"", ""Investment Account""]"
C0181,Bram Peeters,32,Sint-Truiden,mid,"[""Home Insurance"", ""Current Account""]"
C0182,Arne Mertens,25,Leuven,low,"[""Current Account"", ""Personal Loan""]"
C0183,Nora Peeters,38,Leuven,low,"[""Savings Account"", ""Home Insurance"", ""Personal Loan""]"
C0184,Amber Pauwels,48,Sint-Truiden,mid,"[""Credit Card"", ""Current Account"", ""Investment Account"", ""Mortgage""]"
C0185,Fien Hermans,44,Genk,mid,"[""Personal Loan"", ""Savings Account"", ""Home Insurance""]"
C0186,Julie Hermans,24,Sint-Truiden,low,"[""Home Insurance"", ""Investment Account""]"
C0187,Wout Hermans,43,Brugge,mid,"[""Current Account"", ""Home Insurance"", ""Personal Loan""]"
C0188,Stijn Maes,47,Brugge,low,"[""Pension Savings"", ""Home Insurance"", ""Personal Loan"", ""Mortgage""]"
C0189,Femke Vermeulen,22,Diest,high,"[""Investment Account"", ""Current Account""]"
C0190,Tom Willems,62,Sint-Truiden,low,"[""Current Account"", ""Pension Savings"", ""Credit Card""]"
C0191,Fien Mertens,24,Leuven,high,"[""Home Insurance"", ""Pension Savings"", ""Savings Account""]"
C0192,Emma Peeters,61,Leuven,low,"[""Pension Savings"", ""Car Insurance""]"
C0193,Tom Goossens,69,Antwerpen,high,"[""Home Insurance"", ""Personal Loan""]"
C0194,Tom Michiels,62,Sint-Truiden,mid,"[""Mortgage"", ""Personal Loan"", ""Car Insurance""]"
C0195,Nora Vermeulen,59,Brugge,mid,"[""Home Insurance"", ""Current Account""]"
C0196,Lars Goossens,21,Antwerpen,low,"[""Mortgage"", ""Personal Loan"", ""Investment Account"", ""Current Account""]"
C0197,Dries Janssens,24,Sint-Truiden,high,"[""Investment Account"", ""Home Insurance""]"
C0198,Marie Mertens,67,Diest,low,"[""Personal Loan"", ""Savings Account"", ""Mortgage""]"
C0199,Wout De Clercq,28,Leuven,low,"[""Investment Account"", ""Pension Savings"", ""Credit Card""]"
C0200,Emma De Smet,31,Antwerpen,high,"[""Car Insurance"", ""Investment Account"", ""Current Account"", ""Mortgage""]"
C0201,Fien Wouters,30,Kortrijk,mid,"[""Car Insurance"", ""Pension Savings"", ""Personal Loan""]"
C0202,Amber Wouters,54,Hasselt,low,"[""Credit Card"", ""Mortgage"", ""Pension Savings""]"
C0203,Elise Maes,57,Sint-Truiden,low,"[""Savings Account"", ""Mortgage"", ""Current Account"", ""Pension Savings""]"
C0204,Marie Janssens,70,Diest,mid,"[""Credit Card"", ""Pension Savings""]"
C0205,Wout Hermans,52,Genk,high,"[""Current Account"", ""Savings Account""]"
C0206,Fien Claes,37,Diest,low,"[""Car Insurance"", ""Home Insurance""]"
C0207,Tom Peeters,59,Leuven,mid,"[""Current Account"", ""Pension Savings"", ""Investment Account"", ""Home Insurance""]"
C0208,Tom Maes,36,Sint-Truiden,high,"[""Home Insurance"", ""Investment Account"", ""Credit Card"", ""Savings Account""]"
C0209,Dries De Smet,39,Hasselt,mid,"[""Pension Savings"", ""Personal Loan"", ""Car Insurance""]"
C0210,Lars Vermeulen,28,Brugge,mid,"[""Home Insurance"", ""Pension Savings""]"
C0211,Stijn Van Damme,52,Leuven,low,"[""Pension Savings"", ""Credit Card"", ""Home Insurance"", ""Investment Account""]"
C0212,Milan De Clercq,27,Sint-Truiden,low,"[""Current Account"", ""Home Insurance"", ""Car Insurance""]"
C0213,Elise Michiels,27,Genk,mid,"[""Pension Savings"", ""Home Insurance""]"
C0214,Arne Pauwels,21,Hasselt,mid,"[""Investment Account"", ""Personal Loan""]"
C0215,Lotte Hermans,51,Genk,high,"[""Personal Loan"", ""Mortgage""]"
C0216,Fien Goossens,31,Leuven,low,"[""Mortgage"", ""Credit Card"", ""Savings Account"", ""Home Insurance""]"
C0217,Lotte Peeters,62,Brugge,mid,"[""Home Insurance"", ""Investment Account""]"
C0218,Marie Van Damme,37,Diest,mid,"[""Pension Savings"", ""Investment Account""]"
C0219,Julie Peeters,44,Hasselt,mid,"[""Personal Loan"", ""Savings Account"", ""Car Insurance""]"
C0220,Julie Jacobs,30,Brugge,low,"[""Car Insurance"", ""Pension Savings"", ""Home Insurance""]"
C0221,Marie Jacobs,56,Gent,mid,"[""Savings Account"", ""Current Account"", ""Personal Loan""]"
C0222,Jonas Willems,35,Hasselt,high,"[""Personal Loan"", ""Home Insurance"", ""Investment Account"", ""Mortgage""]"
C0223,Jonas De Smet,51,Leuven,low,"[""Home Insurance"", ""Personal Loan""]"
C0224,Olivia Michiels,40,Hasselt,mid,"[""Current Account"", ""Personal Loan"", ""Pension Savings""]"
C0225,Dries Maes,28,Leuven,mid,"[""Current Account"", ""Savings Account"", ""Investment Account"", ""Pension Savings""]"
C0226,Arne Pauwels,46,Kortrijk,low,"[""Car Insurance"", ""Current Account""]"
C0227,Femke Van Damme,35,Mechelen,high,"[""Current Account"", ""Mortgage"", ""Home Insurance""]"
C0228,Noah Vermeulen,44,Kortrijk,mid,"[""Savings Account"", ""Current Account"", ""Home Insurance""]"
C0229,Liam Michiels,45,Sint-Truiden,low,"[""Mortgage"", ""Current Account""]"
C0230,Femke Willems,65,Gent,mid,"[""Investment Account"", ""Personal Loan"", ""Credit Card""]"
C0231,Sien Jacobs,68,Sint-Truiden,low,"[""Car Insurance"", ""Personal Loan""]"
C0232,Anke Claes,22,Antwerpen,mid,"[""Home Insurance"", ""Credit Card"", ""Investment Account""]"
C0233,Nora Jacobs,44,Kortrijk,mid,"[""Pension Savings"", ""Current Account"", ""Mortgage"", ""Personal Loan""]"
C0234,Nora Pauwels,66,Brugge,low,"[""Investment Account"", ""Mortgage"", ""Credit Card""]"
C0235,Sien Goossens,68,Leuven,high,"[""Investment Account"", ""Home Insurance""]"
C0236,Elise De Smet,24,Gent,mid,"[""Car Insurance"", ""Personal Loan""]"
C0237,Lars Janssens,21,Diest,mid,"[""Home Insurance"", ""Car Insurance"", ""Personal Loan"", ""Savings Account""]"
C0238,Fien Claes,37,Leuven,mid,"[""Personal Loan"", ""Current Account""]"
C0239,Liam Maes,52,Kortrijk,mid,"[""Personal Loan"", ""Savings Account"", ""Credit Card""]"
C0240,Femke Van Damme,53,Brugge,mid,"[""Savings Account"", ""Home Insurance"", ""Credit Card""]"
C0241,Stijn Maes,26,Mechelen,mid,"[""Investment Account"", ""Credit Card"", ""Car Insurance""]"
C0242,Elise Hermans,42,Sint-Truiden,low,"[""Personal Loan"", ""Mortgage""]"
C0243,Lars Mertens,29,Mechelen,mid,"[""Home Insurance"", ""Personal Loan""]"
C0244,Lotte De Smet,57,Brugge,high,"[""Investment Account"", ""Home Insurance""]"
C0245,Marie Goossens,39,Brugge,low,"[""Savings Account"", ""Personal Loan""]"
C0246,Milan Pauwels,66,Leuven,mid,"[""Investment Account"", ""Home Insurance"", ""Personal Loan"", ""Savings Account""]"
C0247,Sien De Smet,52,Mechelen,mid,"[""Personal Loan"", ""Pension Savings"", ""Current Account"", ""Savings Account""]"
C0248,Ruben Willems,50,Genk,low,"[""Current Account"", ""Mortgage"", ""Credit Card""]"
C0249,Elise Michiels,67,Hasselt,mid,"[""Car Insurance"", ""Savings Account""]"
C0250,Sien Hermans,29,Mechelen,mid,"[""Mortgage"", ""Credit Card"", ""Car Insurance"", ""Home Insurance""]"
C0251,Milan Claes,64,Mechelen,low,"[""Pension Savings"", ""Home Insurance""]"
C0252,Ruben Verhoeven,43,Sint-Truiden,low,"[""Savings Account"", ""Credit Card""]"
C0253,Anke Claes,36,Diest,mid,"[""Current Account"", ""Personal Loan"", ""Credit Card"", ""Pension Savings""]"
C0254,Lotte Van Damme,39,Sint-Truiden,mid,"[""Mortgage"", ""Home Insurance""]"
C0255,Marie Hermans,50,Diest,low,"[""Mortgage"", ""Personal Loan"", ""Credit Card"", ""Investment Account""]"
C0256,Nora Claes,30,Diest,low,"[""Pension Savings"", ""Car Insurance"", ""Credit Card"", ""Savings Account""]"
C0257,Fien Van Damme,56,Hasselt,mid,"[""Mortgage"", ""Home Insurance"", ""Savings Account""]"
C0258,Stijn Jacobs,32,Mechelen,mid,"[""Investment Account"", ""Mortgage"", ""Current Account""]"
C0259,Arne Michiels,51,Kortrijk,mid,"[""Home Insurance"", ""Credit Card"", ""Mortgage""]"
C0260,Lars De Clercq,47,Antwerpen,mid,"[""Home Insurance"", ""Credit Card"", ""Car Insurance"", ""Personal Loan""]"
C0261,Emma Aerts,46,Diest,low,"[""Current Account"", ""Car Insurance""]"
C0262,Lotte Vermeulen,64,Leuven,mid,"[""Pension Savings"", ""Current Account"", ""Mortgage""]"
C0263,Liam Hermans,66,Brugge,mid,"[""Pension Savings"", ""Current Account""]"
C0264,Olivia Vermeulen,70,Leuven,mid,"[""Current Account"", ""Mortgage""]"
C0265,Elise De Smet,51,Gent,mid,"[""Mortgage"", ""Investment Account"", ""Savings Account""]"
C0266,Julie Jacobs,33,Genk,low,"[""Credit Card"", ""Current Account"", ""Mortgage"", ""Personal Loan""]"
C0267,Milan Vermeulen,65,Kortrijk,high,"[""Savings Account"", ""Car Insurance""]"
C0268,Femke Verhoeven,23,Antwerpen,mid,"[""Savings Account"", ""Car Insurance""]"
C0269,Stijn Michiels,51,Gent,mid,"[""Mortgage"", ""Investment Account""]"
C0270,Sien Van Damme,45,Sint-Truiden,low,"[""Pension Savings"", ""Home Insurance""]"
C0271,Tom Mertens,52,Antwerpen,low,"[""Car Insurance"", ""Personal Loan"", ""Home Insurance""]"
C0272,Wout Mertens,23,Antwerpen,mid,"[""Pension Savings"", ""Mortgage""]"
C0273,Bram Pauwels,67,Antwerpen,mid,"[""Savings Account"", ""Credit Card"", ""Investment Account"", ""Current Account""]"
C0274,Nora Maes,44,Leuven,mid,"[""Investment Account"", ""Savings Account""]"
C0275,Arne Aerts,43,Diest,low,"[""Savings Account"", ""Pension Savings"", ""Home Insurance"", ""Car Insurance""]"
C0276,Stijn Janssens,62,Kortrijk,high,"[""Home Insurance"", ""Car Insurance"", ""Personal Loan"", ""Credit Card""]"
C0277,Sien Claes,23,Diest,high,"[""Credit Card"", ""Mortgage"", ""Car Insurance"", ""Savings Account""]"
C0278,Milan Willems,46,Brugge,low,"[""Pension Savings"", ""Mortgage"", ""Personal Loan"", ""Home Insurance""]"
C0279,Dries Wouters,54,Leuven,low,"[""Investment Account"", ""Mortgage"", ""Credit Card""]"
C0280,Milan Pauwels,52,Antwerpen,low,"[""Home Insurance"", ""Current Account"", ""Savings Account""]"
C0281,Ruben Verhoeven,36,Sint-Truiden,high,"[""Mortgage"", ""Car Insurance"", ""Investment Account""]"
C0282,Lars Claes,50,Diest,low,"[""Credit Card"", ""Pension Savings"", ""Home Insurance"", ""Mortgage""]"
C0283,Amber Pauwels,34,Mechelen,low,"[""Credit Card"", ""Investment Account"", ""Home Insurance"", ""Savings Account""]"
C0284,Wout De Clercq,53,Gent,mid,"[""Current Account"", ""Mortgage"", ""Car Insurance""]"
C0285,Julie Aerts,46,Diest,low,"[""Credit Card"", ""Investment Account"", ""Personal Loan""]"
C0286,Lars Maes,66,Sint-Truiden,mid,"[""Personal Loan"", ""Car Insurance"", ""Investment Account""]"
C0287,Tom Mertens,60,Leuven,low,"[""Savings Account"", ""Home Insurance""]"
C0288,Lars Verhoeven,60,Leuven,mid,"[""Current Account"", ""Investment Account"", ""Mortgage""]"
C0289,Milan De Smet,59,Antwerpen,low,"[""Car Insurance"", ""Current Account""]"
C0290,Marie Pauwels,32,Genk,mid,"[""Home Insurance"", ""Car Insurance"", ""Pension Savings""]"
C0291,Bram Claes,69,Brugge,mid,"[""Savings Account"", ""Mortgage"", ""Car Insurance"", ""Pension Savings""]"
C0292,Lars Vermeulen,32,Brugge,high,"[""Credit Card"", ""Savings Account"", ""Mortgage"", ""Home Insurance""]"
C0293,Wout Willems,46,Mechelen,mid,"[""Mortgage"", ""Current Account"", ""Car Insurance""]"
C0294,Marie Van Damme,42,Brugge,mid,"[""Savings Account"", ""Car Insurance"", ""Mortgage"", ""Home Insurance""]"
C0295,Bram Aerts,64,Gent,mid,"[""Personal Loan"", ""Mortgage"", ""Current Account""]"
C0296,Ruben De Smet,58,Leuven,high,"[""Investment Account"", ""Savings Account""]"
C0297,Anke Verhoeven,68,Brugge,mid,"[""Personal Loan"", ""Car Insurance""]"
C0298,Milan Hermans,51,Leuven,high,"[""Personal Loan"", ""Credit Card"", ""Mortgage""]"
C0299,Fien Jacobs,58,Gent,mid,"[""Current Account"", ""Car Insurance"", ""Pension Savings"", ""Savings Account""]"
C0300,Wout Goossens,68,Diest,mid,"[""Credit Card"", ""Investment Account"", ""Pension Savings""]"
C0301,Emma De Clercq,69,Brugge,low,"[""Personal Loan"", ""Credit Card"", ""Mortgage""]"
C0302,Milan Claes,27,Leuven,mid,"[""Mortgage"", ""Home Insurance"", ""Personal Loan""]"
C0303,Elise Verhoeven,69,Leuven,low,"[""Pension Savings"", ""Credit Card"", ""Mortgage"", ""Investment Account""]"
C0304,Stijn De Smet,56,Mechelen,mid,"[""Car Insurance"", ""Investment Account"", ""Pension Savings""]"
C0305,Dries Michiels,22,Brugge,high,"[""Pension Savings"", ""Personal Loan"", ""Current Account""]"
C0306,Liam Maes,40,Sint-Truiden,mid,"[""Investment Account"", ""Personal Loan""]"
C0307,Olivia Pauwels,33,Diest,high,"[""Mortgage"", ""Credit Card""]"
C0308,Lars Peeters,64,Brugge,high,"[""Savings Account"", ""Current Account"", ""Pension Savings"", ""Personal Loan""]"
C0309,Marie Pauwels,28,Diest,mid,"[""Home Insurance"", ""Savings Account""]"
C0310,Marie Michiels,38,Genk,low,"[""Home Insurance"", ""Credit Card"", ""Car Insurance"", ""Current Account""]"
C0311,Anke Jacobs,25,Kortrijk,low,"[""Savings Account"", ""Home Insurance""]"
C0312,Julie De Clercq,21,Sint-Truiden,low,"[""Current Account"", ""Personal Loan"", ""Car Insurance"", ""Pension Savings""]"
C0313,Liam Maes,40,Sint-Truiden,mid,"[""Savings Account"", ""Pension Savings"", ""Car Insurance""]"
C0314,Marie Hermans,27,Leuven,mid,"[""Investment Account"", ""Mortgage"", ""Savings Account""]"
C0315,Elise De Smet,25,Kortrijk,mid,"[""Investment Account"", ""Mortgage""]"
C0316,Ruben Maes,69,Sint-Truiden,mid,"[""Savings Account"", ""Home Insurance"", ""Current Account"", ""Pension Savings""]"
C0317,Liam Willems,48,Brugge,mid,"[""Car Insurance"", ""Savings Account"", ""Credit Card""]"
C0318,Elise Janssens,62,Hasselt,high,"[""Home Insurance"", ""Savings Account"", ""Pension Savings""]"
C0319,Fien Claes,52,Antwerpen,low,"[""Pension Savings"", ""Car Insurance"", ""Current Account"", ""Credit Card""]"
C0320,Anke Willems,27,Leuven,mid,"[""Current Account"", ""Mortgage"", ""Home Insurance"", ""Personal Loan""]"
C0321,Nora De Clercq,23,Brugge,low,"[""Investment Account"", ""Personal Loan"", ""Credit Card"", ""Pension Savings""]"
C0322,Julie Verhoeven,23,Leuven,high,"[""Pension Savings"", ""Savings Account"", ""Credit Card""]"
C0323,Lars Mertens,25,Leuven,high,"[""Home Insurance"", ""Pension Savings"", ""Investment Account"", ""Car Insurance""]"
C0324,Tom Van Damme,37,Kortrijk,low,"[""Current Account"", ""Savings Account"", ""Pension Savings"", ""Personal Loan""]"
C0325,Tom Willems,34,Kortrijk,low,"[""Credit Card"", ""Pension Savings"", ""Home Insurance""]"
C0326,Arne Willems,35,Hasselt,mid,"[""Car Insurance"", ""Savings Account""]"
C0327,Elise Van Damme,51,Sint-Truiden,mid,"[""Mortgage"", ""Personal Loan"", ""Home Insurance""]"
C0328,Amber Willems,49,Gent,mid,"[""Current Account"", ""Mortgage"", ""Personal Loan"", ""Credit Card""]"
C0329,Fien Verhoeven,60,Genk,mid,"[""Car Insurance"", ""Credit Card"", ""Home Insurance"", ""Personal Loan""]"
C0330,Fien Mertens,56,Antwerpen,mid,"[""Current Account"", ""Pension Savings""]"
C0331,Lotte Goossens,67,Kortrijk,mid,"[""Pension Savings"", ""Personal Loan"", ""Credit Card"", ""Home Insurance""]"
C0332,Liam Verhoeven,43,Leuven,high,"[""Pension Savings"", ""Credit Card""]"
C0333,Milan Pauwels,53,Diest,mid,"[""Savings Account"", ""Mortgage"", ""Pension Savings"", ""Investment Account""]"
C0334,Noah Vermeulen,63,Gent,low,"[""Car Insurance"", ""Home Insurance"", ""Pension Savings"", ""Mortgage""]"
C0335,Milan Michiels,57,Sint-Truiden,high,"[""Investment Account"", ""Pension Savings"", ""Savings Account"", ""Mortgage""]"
C0336,Dries Mertens,54,Diest,mid,"[""Home Insurance"", ""Current Account"", ""Credit Card""]"
C0337,Lotte Vermeulen,48,Diest,low,"[""Car Insurance"", ""Personal Loan"", ""Home Insurance""]"
C0338,Wout Claes,45,Leuven,mid,"[""Investment Account"", ""Current Account""]"
C0339,Tom Maes,46,Diest,mid,"[""Savings Account"", ""Personal Loan"", ""Home Insurance"", ""Mortgage""]"
C0340,Nora Goossens,49,Genk,high,"[""Savings Account"", ""Credit Card"", ""Car Insurance""]"
C0341,Jonas Peeters,47,Gent,mid,"[""Credit Card"", ""Current Account"", ""Pension Savings"", ""Savings Account""]"
C0342,Liam Mertens,60,Diest,mid,"[""Car Insurance"", ""Investment Account"", ""Mortgage""]"
C0343,Milan Goossens,69,Diest,mid,"[""Pension Savings"", ""Investment Account"", ""Mortgage"", ""Savings Account""]"
C0344,Anke Jacobs,58,Mechelen,high,"[""Car Insurance"", ""Savings Account"", ""Credit Card"", ""Home Insurance""]"
C0345,Lotte Goossens,51,Mechelen,high,"[""Personal Loan"", ""Home Insurance"", ""Mortgage"", ""Pension Savings""]"
C0346,Bram Mertens,28,Leuven,low,"[""Car Insurance"", ""Credit Card""]"
C0347,Jonas Aerts,65,Diest,mid,"[""Credit Card"", ""Current Account"", ""Personal Loan"", ""Home Insurance""]"
C0348,Lotte Hermans,50,Antwerpen,mid,"[""Mortgage"", ""Credit Card"", ""Home Insurance""]"
C0349,Marie Mertens,46,Antwerpen,high,"[""Home Insurance"", ""Credit Card"", ""Current Account""]"
C0350,Femke Michiels,60,Antwerpen,mid,"[""Investment Account"", ""Pension Savings"", ""Personal Loan""]"
C0351,Noah Verhoeven,37,Sint-Truiden,mid,"[""Pension Savings"", ""Car Insurance""]"
C0352,Fien Jacobs,44,Kortrijk,low,"[""Pension Savings"", ""Credit Card""]"
C0353,Sien Aerts,55,Diest,mid,"[""Home Insurance"", ""Credit Card"", ""Mortgage""]"
C0354,Lars Van Damme,43,Leuven,mid,"[""Personal Loan"", ""Pension Savings"", ""Credit Card""]"
C0355,Emma Mertens,26,Genk,high,"[""Personal Loan"", ""Investment Account"", ""Car Insurance"", ""Credit Card""]"
C0356,Amber Wouters,36,Genk,high,"[""Investment Account"", ""Mortgage"", ""Car Insurance""]"
C0357,Liam Hermans,50,Gent,mid,"[""Mortgage"", ""Personal Loan"", ""Home Insurance""]"
C0358,Emma De Smet,34,Mechelen,mid,"[""Home Insurance"", ""Mortgage"", ""Pension Savings""]"
C0359,Emma Hermans,48,Kortrijk,high,"[""Home Insurance"", ""Current Account"", ""Savings Account"", ""Pension Savings""]"
C0360,Olivia Aerts,45,Leuven,mid,"[""Credit Card"", ""Car Insurance"", ""Home Insurance"", ""Pension Savings""]"
C0361,Emma Goossens,70,Diest,mid,"[""Investment Account"", ""Home Insurance""]"
C0362,Wout Pauwels,42,Genk,low,"[""Savings Account"", ""Mortgage"", ""Pension Savings""]"
C0363,Marie Pauwels,21,Genk,mid,"[""Credit Card"", ""Home Insurance""]"
C0364,Marie Hermans,49,Gent,mid,"[""Credit Card"", ""Investment Account"", ""Car Insurance"", ""Current Account""]"
C0365,Elise De Smet,26,Kortrijk,mid,"[""Investment Account"", ""Current Account"", ""Pension Savings"", ""Home Insurance""]"
C0366,Jonas Maes,62,Diest,low,"[""Credit Card"", ""Car Insurance"", ""Current Account""]"
C0367,Noah Verhoeven,39,Kortrijk,mid,"[""Savings Account"", ""Credit Card"", ""Pension Savings""]"
C0368,Elise Mertens,67,Sint-Truiden,mid,"[""Current Account"", ""Pension Savings""]"
C0369,Noah Jacobs,64,Kortrijk,mid,"[""Car Insurance"", ""Investment Account"", ""Pension Savings""]"
C0370,Marie Wouters,45,Mechelen,mid,"[""Pension Savings"", ""Personal Loan""]"
C0371,Tom Goossens,38,Antwerpen,low,"[""Credit Card"", ""Mortgage"", ""Car Insurance""]"
C0372,Anke Verhoeven,30,Mechelen,low,"[""Credit Card"", ""Pension Savings"", ""Current Account"", ""Mortgage""]"
C0373,Bram Jacobs,45,Hasselt,mid,"[""Investment Account"", ""Home Insurance"", ""Savings Account""]"
C0374,Wout Mertens,52,Kortrijk,mid,"[""Credit Card"", ""Savings Account"", ""Current Account""]"
C0375,Bram De Clercq,46,Mechelen,low,"[""Mortgage"", ""Investment Account""]"
C0376,Sien Peeters,35,Genk,high,"[""Credit Card"", ""Savings Account"", ""Mortgage"", ""Pension Savings""]"
C0377,Marie Willems,41,Antwerpen,low,"[""Savings Account"", ""Home Insurance"", ""Mortgage""]"
C0378,Tom Willems,70,Leuven,low,"[""Mortgage"", ""Car Insurance"", ""Credit Card"", ""Home Insurance""]"
C0379,Lars Maes,57,Hasselt,mid,"[""Investment Account"", ""Car Insurance"", ""Personal Loan"", ""Savings Account""]"
C0380,Stijn Peeters,27,Kortrijk,mid,"[""Investment Account"", ""Home Insurance"", ""Pension Savings"", ""Personal Loan""]"
C0381,Fien De Smet,48,Hasselt,mid,"[""Investment Account"", ""Pension Savings"", ""Credit Card"", ""Car Insurance""]"
C0382,Olivia Pauwels,53,Leuven,mid,"[""Personal Loan"", ""Car Insurance"", ""Current Account"", ""Mortgage""]"
C0383,Noah Claes,41,Diest,mid,"[""Mortgage"", ""Home Insurance"", ""Pension Savings""]"
C0384,Lotte Hermans,50,Antwerpen,low,"[""Car Insurance"", ""Home Insurance"", ""Savings Account""]"
C0385,Wout Goossens,40,Diest,mid,"[""Savings Account"", ""Current Account"", ""Home Insurance""]"
C0386,Liam Goossens,55,Leuven,mid,"[""Personal Loan"", ""Pension Savings"", ""Mortgage"", ""Home Insurance""]"
C0387,Nora De Smet,70,Mechelen,mid,"[""Mortgage"", ""Credit Card""]"
C0388,Wout Goossens,68,Kortrijk,mid,"[""Pension Savings"", ""Credit Card"", ""Home Insurance""]"
C0389,Lars Michiels,57,Brugge,mid,"[""Credit Card"", ""Savings Account"", ""Personal Loan"", ""Current Account""]"
C0390,Stijn Van Damme,50,Leuven,low,"[""Home Insurance"", ""Car Insurance"", ""Mortgage"", ""Investment Account""]"
C0391,Nora Vermeulen,34,Hasselt,high,"[""Savings Account"", ""Personal Loan"", ""Investment Account"", ""Mortgage""]"
C0392,Amber Pauwels,21,Hasselt,high,"[""Pension Savings"", ""Credit Card"", ""Personal Loan""]"
C0393,Julie Van Damme,36,Mechelen,high,"[""Car Insurance"", ""Savings Account"", ""Home Insurance""]"
C0394,Wout Wouters,32,Mechelen,low,"[""Investment Account"", ""Savings Account"", ""Current Account"", ""Personal Loan""]"
C0395,Emma Michiels,37,Brugge,high,"[""Credit Card"", ""Personal Loan"", ""Current Account"", ""Investment Account""]"
C0396,Anke Van Damme,47,Leuven,high,"[""Savings Account"", ""Personal Loan""]"
C0397,Noah Jacobs,43,Mechelen,high,"[""Car Insurance"", ""Pension Savings"", ""Investment Account""]"
C0398,Bram Pauwels,67,Leuven,low,"[""Mortgage"", ""Pension Savings""]"
C0399,Noah Vermeulen,37,Diest,high,"[""Credit Card"", ""Investment Account""]"
C0400,Lotte Wouters,45,Diest,mid,"[""Car Insurance"", ""Personal Loan"", ""Current Account""]"
