customer_id,planted_event_type,start_date
C0001,moving_house,2026-09-10
C0002,none,
C0003,none,
C0004,none,
C0005,new_baby,2026-09-09
C0006,none,
C0007,none,
C0008,none,
C0009,none,
C0010,none,
C0011,none,
C0012,none,
C0013,none,
C0014,new_baby,2026-09-05
C0015,starting_business,2026-09-06
C0016,none,
C0017,starting_business,2026-09-06
C0018,new_job,2026-09-06
C0019,none,
C0020,none,
C0021,none,
C0022,none,
C0023,none,
C0024,none,
C0025,none,
C0026,none,
C0027,none,
C0028,none,
C0029,none,
C0030,none,
C0031,none,
C0032,none,
C0033,none,
C0034,none,
C0035,none,
C0036,none,
C0037,none,
C0038,none,
C0039,none,
C0040,none,
C0041,none,
C0042,none,
C0043,none,
C0044,none,
C0045,none,
C0046,retirement_approaching,2026-09-10
C0047,none,
C0048,none,
C0049,new_baby,2026-09-11
C0050,none,
C0051,new_baby,2026-09-11
C0052,none,
C0053,none,
C0054,new_baby,2026-09-07
C0055,none,
C0056,none,
C0057,none,
C0058,none,
C0059,moving_house,2026-09-09
C0060,none,
C0061,none,
C0062,none,
C0063,none,
C0064,none,
C0065,none,
C0066,none,
C0067,none,
C0068,none,
C0069,none,
C0070,none,
C0071,none,
C0072,none,
C0073,starting_business,2026-09-06
C0074,none,
C0075,none,
C0076,none,
C0077,none,
C0078,none,
C0079,none,
C0080,none,
C0081,retirement_approaching,2026-09-09
C0082,none,
C0083,retirement_approaching,2026-09-11
C0084,none,
C0085,none,
C0086,none,
C0087,none,
C0088,none,
C0089,none,
C0090,none,
C0091,none,
C0092,none,
C0093,none,
C0094,none,
C0095,none,
C0096,none,
C0097,none,
C0098,none,
C0099,none,
C0100,none,
C0101,none,
C0102,none,
C0103,new_job,2026-09-06
C0104,none,
C0105,none,
C0106,none,
C0107,none,
C0108,none,
C0109,none,
C0110,none,
C0111,none,
C0112,new_baby,2026-09-08
C0113,new_job,2026-09-05
C0114,retirement_approaching,2026-09-12
C0115,none,
C0116,new_job,2026-09-10
C0117,none,
C0118,none,
C0119,none,
C0120,none,
C0121,new_job,2026-09-07
C0122,none,
C0123,none,
C0124,none,
C0125,none,
C0126,none,
C0127,new_job,2026-09-08
C0128,none,
C0129,none,
C0130,none,
C0131,none,
C0132,none,
C0133,none,
C0134,none,
C0135,none,
C0136,none,
C0137,starting_business,2026-09-10
C0138,none,
C0139,none,
C0140,none,
C0141,none,
C0142,moving_house,2026-09-05
C0143,none,
C0144,new_baby,2026-09-09
C0145,none,
C0146,none,
C0147,none,
C0148,none,
C0149,none,
C0150,none,
C0151,none,
C0152,none,
C0153,none,
C0154,none,
C0155,none,
C0156,none,
C0157,none,
C0158,none,
C0159,none,
C0160,none,
C0161,none,
C0162,none,
C0163,none,
C0164,none,
C0165,none,
C0166,none,
C0167,none,
C0168,none,
C0169,none,
C0170,none,
C0171,none,
C0172,none,
C0173,none,
C0174,moving_house,2026-09-12
C0175,none,
C0176,retirement_approaching,2026-09-05
C0177,none,
C0178,new_job,2026-09-11
C0179,none,
C0180,none,
C0181,none,
C0182,none,
C0183,none,
C0184,none,
C0185,new_job,2026-09-05
C0186,none,
C0187,none,
C0188,none,
C0189,none,
C0190,none,
C0191,none,
C0192,none,
C0193,none,
C0194,none,
C0195,none,
C0196,retirement_approaching,2026-09-08
C0197,none,
C0198,none,
C0199,none,
C0200,none,
C0201,none,
C0202,none,
C0203,none,
C0204,none,
C0205,none,
C0206,none,
C0207,none,
C0208,none,
C0209,none,
C0210,none,
C0211,none,
C0212,none,
C0213,none,
C0214,none,
C0215,none,
C0216,new_job,2026-09-10
C0217,none,
C0218,starting_business,2026-09-07
C0219,none,
C0220,none,
C0221,none,
C0222,none,
C0223,none,
C0224,none,
C0225,none,
C0226,none,
C0227,none,
C0228,none,
C0229,none,
C0230,none,
C0231,starting_business,2026-09-12
C0232,none,
C0233,none,
C0234,none,
C0235,none,
C0236,none,
C0237,none,
C0238,none,
C0239,none,
C0240,none,
C0241,none,
C0242,none,
C0243,none,
C0244,none,
C0245,none,
C0246,none,
C0247,none,
C0248,none,
C0249,none,
C0250,none,
C0251,none,
C0252,none,
C0253,none,
C0254,none,
C0255,none,
C0256,none,
C0257,none,
C0258,none,
C0259,none,
C0260,moving_house,2026-09-11
C0261,none,
C0262,none,
C0263,none,
C0264,none,
C0265,none,
C0266,none,
C0267,none,
C0268,none,
C0269,none,
C0270,none,
C0271,none,
C0272,none,
C0273,none,
C0274,none,
C0275,none,
C0276,none,
C0277,none,
C0278,none,
C0279,none,
C0280,none,
C0281,new_job,2026-09-09
C0282,none,
C0283,none,
C0284,none,
C0285,none,
C0286,none,
C0287,none,
C0288,none,
C0289,new_job,2026-09-12
C0290,none,
C0291,none,
C0292,none,
C0293,none,
C0294,none,
C0295,none,
C0296,none,
C0297,none,
C0298,none,
C0299,none,
C0300,none,
C0301,none,
C0302,none,
C0303,retirement_approaching,2026-09-07
C0304,retirement_approaching,2026-09-07
C0305,none,
C0306,none,
C0307,none,
C0308,none,
C0309,none,
C0310,moving_house,2026-09-10
C0311,starting_business,2026-09-09
C0312,none,
C0313,none,
C0314,none,
C0315,none,
C0316,none,
C0317,none,
C0318,none,
C0319,none,
C0320,none,
C0321,none,
C0322,none,
C0323,none,
C0324,none,
C0325,none,
C0326,none,
C0327,none,
C0328,none,
C0329,moving_house,2026-09-07
C0330,none,
C0331,none,
C0332,none,
C0333,none,
C0334,moving_house,2026-09-09
C0335,none,
C0336,none,
C0337,none,
C0338,none,
C0339,none,
C0340,none,
C0341,none,
C0342,none,
C0343,none,
C0344,none,
C0345,none,
C0346,none,
C0347,none,
C0348,moving_house,2026-09-09
C0349,none,
C0350,none,
C0351,none,
C0352,none,
C0353,none,
C0354,none,
C0355,none,
C0356,none,
C0357,none,
C0358,none,
C0359,moving_house,2026-09-12
C0360,none,
C0361,new_job,2026-09-10
C0362,none,
C0363,none,
C0364,none,
C0365,none,
C0366,none,
C0367,none,
C0368,new_job,2026-09-05
C0369,none,
C0370,none,
C0371,none,
C0372,none,
C0373,none,
C0374,none,
C0375,none,
C0376,none,
C0377,none,
C0378,none,
C0379,starting_business,2026-09-10
C0380,none,
C0381,new_baby,2026-09-11
C0382,none,
C0383,none,
C0384,none,
C0385,none,
C0386,none,
C0387,none,
C0388,none,
C0389,none,
C0390,new_baby,2026-09-12
C0391,none,
C0392,new_job,2026-09-12
C0393,none,
C0394,none,
C0395,none,
C0396,none,
C0397,none,
C0398,none,
C0399,none,
C0400,none,
