customer_id,timestamp,text
C0001,2026-09-15 19:00,How do I change my domicile / address with KBC?
C0005,2026-09-15 20:00,What benefits am I entitled to after having a baby?
C0014,2026-09-11 12:00,What benefits am I entitled to after having a baby?
C0015,2026-09-15 16:00,What's the best account setup for a freelancer?
C0017,2026-09-15 18:00,What's the best account setup for a freelancer?
C0018,2026-09-13 16:00,"I started a new job, do I need to update anything?"
C0046,2026-09-13 19:00,Can you check how much pension I'll get if I retire at 65?
C0049,2026-09-17 09:00,What benefits am I entitled to after having a baby?
C0051,2026-09-17 14:00,What benefits am I entitled to after having a baby?
C0054,2026-09-13 14:00,What benefits am I entitled to after having a baby?
C0059,2026-09-14 16:00,Can you help me update my address with the bank?
C0073,2026-09-15 19:00,What's the best account setup for a freelancer?
C0081,2026-09-12 17:00,Can you check how much pension I'll get if I retire at 65?
C0083,2026-09-14 21:00,Can you check how much pension I'll get if I retire at 65?
C0103,2026-09-13 18:00,"I started a new job, do I need to update anything?"
C0112,2026-09-14 10:00,What benefits am I entitled to after having a baby?
C0113,2026-09-12 18:00,"I started a new job, do I need to update anything?"
C0114,2026-09-15 18:00,Can you check how much pension I'll get if I retire at 65?
C0116,2026-09-17 09:00,"I started a new job, do I need to update anything?"
C0121,2026-09-14 15:00,"I started a new job, do I need to update anything?"
C0127,2026-09-15 10:00,"I started a new job, do I need to update anything?"
C0137,2026-09-19 08:00,What's the best account setup for a freelancer?
C0142,2026-09-10 09:00,Can you help me update my address with the bank?
C0144,2026-09-15 10:00,What benefits am I entitled to after having a baby?
C0174,2026-09-17 15:00,Can you help me update my address with the bank?
C0176,2026-09-08 15:00,Can you check how much pension I'll get if I retire at 65?
C0178,2026-09-18 15:00,"I started a new job, do I need to update anything?"
C0185,2026-09-12 09:00,"I started a new job, do I need to update anything?"
C0196,2026-09-11 20:00,Can you check how much pension I'll get if I retire at 65?
C0216,2026-09-17 15:00,"I started a new job, do I need to update anything?"
C0218,2026-09-16 16:00,What's the best account setup for a freelancer?
C0231,2026-09-21 18:00,What's the best account setup for a freelancer?
C0260,2026-09-16 08:00,Can you help me update my address with the bank?
C0281,2026-09-16 15:00,"I started a new job, do I need to update anything?"
C0289,2026-09-19 18:00,"I started a new job, do I need to update anything?"
C0303,2026-09-10 19:00,Can you check how much pension I'll get if I retire at 65?
C0304,2026-09-10 11:00,Can you check how much pension I'll get if I retire at 65?
C0310,2026-09-15 10:00,Can you help me update my address with the bank?
C0311,2026-09-18 14:00,What's the best account setup for a freelancer?
C0329,2026-09-12 12:00,Can you help me update my address with the bank?
C0334,2026-09-14 13:00,Can you help me update my address with the bank?
C0348,2026-09-14 12:00,Can you help me update my address with the bank?
C0359,2026-09-17 19:00,Can you help me update my address with the bank?
C0361,2026-09-17 18:00,"I started a new job, do I need to update anything?"
C0368,2026-09-12 18:00,"I started a new job, do I need to update anything?"
C0379,2026-09-19 19:00,What's the best account setup for a freelancer?
C0381,2026-09-17 14:00,What benefits am I entitled to after having a baby?
C0390,2026-09-18 09:00,What benefits am I entitled to after having a baby?
C0392,2026-09-19 13:00,"I started a new job, do I need to update anything?"
